Product,Price,category
Robe blouse noire en jean à manches bouffantes,3 TND,dresses
NAFNAF – Robe d’été femme à manches transparentes,1144.9 TND,dresses
NAFNAF – Robe courte col V en Bleu marine,114.9 TND,dresses
NewLook – Pale Blue Floral Belted Mini Dress,185.0 TND,dresses
"NAFNAF – Robe femme, col V croisé avec nœud",219.9 TND,dresses
Robe en jean bleu pâle à manches bouffantes et col bardot,124.9 TND,dresses
NAFNAF – Robe courte verte à strass,87.4 TND,dresses
Black Floral Strappy Sundress,219.9 TND,dresses
NAFNAF – ROBE AVEC DES ORS,114.9 TND,dresses
NAFNAF – Robe courte à col classique Beige,199.9 TND,dresses
NAFNAF – ROBE LONGUE PAILLETÉE,79.9 TND,dresses
White Shirred Waist Strappy Playsuit,279.9 TND,dresses
RIVER ISLAND -BLACK – PRINT SLS ANNECY PRINTED PINNY MIDI,279.9 TND,dresses
Black Crop Wide Leg Jumpsuit,319.9 TND,dresses
RIVER ISLAND -PINK – PRINT SLS ANNECY PRINTED PINNY MIDI,89.9 TND,dresses
Black Spot Ruffle Wrap Playsuit,194.9 TND,dresses
NafNaf – Robe de mariée dos nu,114.9 TND,dresses
Pale Blue Puff Sleeve Denim Playsuit,194.9 TND,dresses
"Combinaison noire ample, nouée sur le devant",114.9 TND,dresses
Newlook – Combishort blanc à effet lin boutonné,599.0 TND,dresses
Black Jersey Ribbed Belted Sleeveless Jumpsuit,299.5 TND,dresses
NafNaf – LONG FLOWING JUMPSUIT,114.9 TND,dresses
Newlook – Robe trapèze gris clair en tulle à effet tie dye,154.9 TND,dresses
RIVER ISLAND -BLACK VELVET BOW PLAYSUIT,94.9 TND,dresses
NafNaf – Green LONG DRESS with V-neck and wallet closure,47.4 TND,dresses
RIVER ISLAND -White Belted Bodycon Midi Dress,94.9 TND,dresses
Light Green Ribbed Puff Sleeve Mini Dress,216.9 TND,dresses
Robe mi-longue blanche fleurie nouée à l’avant,309.9 TND,dresses
Robe blouse en jean bleu à manches bouffantes,114.9 TND,dresses
Newlook – Combishort vert menthe à effet lin boutonné,34.4 TND,dresses
Robe blanc cassé en jean à manches bouffantes,194.9 TND,dresses
RIVER ISLAND -RED – DARK SL ONE SHOULDER DIAMANTE JS,289.9 TND,dresses
"NafNaf – Dress with wrap closure, V-neck and side bow.",249.9 TND,dresses
RIVER ISLAND -White Bandeau Bodycon Dress,79.9 TND,dresses
RIVER ISLAND -BLACK LS FRILL HEM STAR PRINT DRESS,114.9 TND,dresses
RIVER ISLAND -BLACK SS OVIE RUFFLE LACE MIX DRESS,91.8 TND,dresses
RIVER ISLAND -BLACK LS LACE SMOCK MIDI DRESS,114.9 TND,dresses
NafNaf – Halter neckline satin midi dress,94.9 TND,dresses
"ETAM -DOLI Combinaison à bretelles rayée, Ecru",47.4 TND,dresses
NEWLOOK – Curves Pale Blue Chiffon Tiered Midi Dress,114.9 TND,dresses
Robe mi-longue rose froncée à imprimé floral,229.9 TND,dresses
Black Tropical Palm Tie Waist Playsuit,153.9 TND,dresses
Newlook – Bright Pink Spot Mesh Halter Midi Dress,219.9 TND,dresses
RIVER ISLAND -PINK – BRIGHT SL OLIVE BUCKLE JUMPSUIT,259.9 TND,dresses
Newlook – Combinaison courte bleue effet lin boutonnée à l’avant,154.9 TND,dresses
Maison 1 2 3 – Robe courte col V à fil métallisé Blanc,139.9 TND,dresses
RIVER ISLAND -Black Button Peplum Bandeau Bodycon Dress Size 10,165.0 TND,dresses
Combishort blanc à imprimé zèbre et à nouer à la taille,289.9 TND,dresses
Robe mi-longue bleu marine à volants en satin,169.0 TND,dresses
Combishort en jean bleu délavé à l’acide à ceinture,129.9 TND,dresses
NafNaf – ROBE COURTE EN CARAMEL,154.9 TND,dresses
NafNaf – ROBE COURTE AVEC NŒUD EN BLEU MARINE,77.4 TND,dresses
NafNaf – ROBE COURTE AVEC NŒUD EN FUSCHIA,59.9 TND,dresses
NafNaf – ROBE COURTE VIOLET FLUIDE,47.9 TND,dresses
NafNaf – ROBE EN BLEU MARINE COURTE FLUIDE,194.9 TND,dresses
NafNaf – Robe femme Naf Naf HERMIONE R1 en bleu,229.9 TND,dresses
NafNaf – ROBE AVEC DÉTAIL BRODÉ EN ROUGE,114.9 TND,dresses
NafNaf – ROBE AVEC DÉTAIL BRODÉ,57.4 TND,dresses
Newlook – Combinaison rouge brique courte effet lin boutonnée à l’avant,599.0 TND,dresses
Newlook – Robe chasuble noire en crêpe à anneaux en résine,299.5 TND,dresses
NafNaf – Robe femme Blue,249.9 TND,dresses
NAfNaf – Robe de mariée Alma en dentelle,59.9 TND,dresses
NEWLOOK – Red Spot Puff Sleeve Tie Wrap Mini Dress,47.8 TND,dresses
NEWLOOK – Red Acid Wash Jersey Smock Dress,134.9 TND,dresses
NAFNAF – Blue Cotton-blend skinny pants,3 TND,pants
NAFNAF – Pantalon Droit noir pour femme,1144.9 TND,pants
NAFNAF – Pantalon noir fuselé pour femme,129.9 TND,pants
NAFNAF – Pantalon noir large avec ceinture à la taille.,239.9 TND,pants
NewLook – Blue Bleach Wash Mid Rise India Super Skinny Jeans,239.9 TND,pants
NAFNAF – PANTALON CHINO AVEC IMPRIMÉ,239.9 TND,pants
Newlook – Jeans skinny Yazmin bleu clair taille haute,114.9 TND,pants
Jegging bleu sculptant et push-up à délavage moyen,57.4 TND,pants
Newlook – Jean super skinny Hallie rose délavé à l’acide déchiré,219.9 TND,pants
NafNaf – Pantalon femme Blanc,124.9 TND,pants
Pantalon slim noir zippé,74.9 TND,pants
"ETAM -ANIL Pantalon de pyjama rayé, Marine",89.9 TND,pants
"ETAM -BAYRONNE Pantalon de pyjama imprimé bandana, Corail",134.9 TND,pants
"ETAM -GALIZ Pantalon satiné imprimé feuillages, Ecru",67.4 TND,pants
"ETAM -ILMA Pantalon de pyjama imprimé fleuri, Anis",229.0 TND,pants
"ETAM -IAN Pantalon de pyjama imprimé floral, Kaki",89.9 TND,pants
"ETAM -ISAAC Pantalon de pyjama imprimé, Kaki",53.9 TND,pants
"ETAM -MYANA Pantalon de pyjama imprimé fleuri, Ecru",125.0 TND,pants
"ETAM -ALEXIA Pantacourt imprimé, Vert",119.0 TND,pants
"ETAM -MICKY Pantalon de pyjama rayé, Ecru",135.0 TND,pants
"ETAM -LOTIER Pantalon satiné imprimé, Ecru",125.0 TND,pants
"ETAM -DAMJAN Pantalon satiné imprimé, IMP FD Ecru",125.0 TND,pants
"ETAM -CATWALKY Pantalon de pyjama satiné, Bleu",99.0 TND,pants
"ETAM -EVIE Pantalon de pyjama imprimé, IMP FD ECRU",125.0 TND,pants
"ETAM -ERBAL Pantalon satiné imprimé, Bronze",125.0 TND,pants
"ETAM -MADDEN Pantalon de pyjama imprimé, Lila",125.0 TND,pants
"ETAM -WALLY Pantalon de pyjama, Noir",135.0 TND,pants
Pale Blue Ripped Tori Mom Jeans,135.0 TND,pants
Jean super skinny India bleu extra doux,125.0 TND,pants
Pantalon large noir à imprimé pâquerettes,135.0 TND,pants
Jean bootcut bleu à taille ajustée,135.0 TND,pants
NafNaf –  Pantalon Femme (Noir/Blanc),125.0 TND,pants
Newlook – Jean skinny Jenna bleu vif délavé à l’acide,119.0 TND,pants
Pantalon large blanc cassé en mousseline à fleurs,154.9 TND,pants
Pale Blue Acid Wash Ripped Tori Mom Jeans,114.9 TND,pants
Jean super skinny India bleu vif extra doux,114.9 TND,pants
SALSA JEANS – Pantalons boyfriend paperbag avec ceinture,80.4 TND,pants
NEWLOOK – Blue Vintage Wash Hannah Straight Leg Jeans,124.9 TND,pants
SALSA JEANS – BOYFRIEND JEANS WITH RIPS,87.4 TND,pants
SALSA JEANS – MOM CAPRI white JEANS,207.0 TND,pants
SALSA JEANS – PUSH UP WONDER CAPRI JEANS WITH DETAIL ON BELT,103.5 TND,pants
Pantalon court marron à imprimé animal,79.9 TND,pants
RIVER ISLAND -BEIGE – LIGHT SEQUIN LUREX JOGGER,55.9 TND,pants
NEWLOOK – Curves Black Ribbed Flared Trousers,114.9 TND,pants
Maison 1 2 3 – Pantalon droit et cropped Rose,154.9 TND,pants
NEWLOOK – Black Ribbed Zip Front Flared Trousers,108.4 TND,pants
SALSA JEANS – Jeans Shape Up Push Up capri avec détail poche,114.9 TND,pants
NEWLOOK – Pale Blue Elasticated High Waist Dayna Tapered Jeans,269.9 TND,pants
NEWLOOK – Blue Ripped Knee High Waist Tori Mom Jeans,81.0 TND,pants
NEWLOOK – Blue Ripped High Waist Tori Mom Jeans,129.9 TND,pants
SALSA JEANS – MOM CAPRI BLUE JEANS WITH VINTAGE LOOK,344.9 TND,pants
SALSA JEANS – SECRET PLUS PUSH IN JEANS IN MEDIUM RINSE,309.9 TND,pants
Jegging Emilee bleu pâle sculptant et push-up,344.9 TND,pants
NEWLOOK – Blue Seam High Waist Tori Mom Jeans,94.9 TND,pants
NEWLOOK – Bright Blue Ripped High Waist Tori Mom Jeans,47.4 TND,pants
NEWLOOK – Blue Ripped Ankle Grazing Hannah Straight Leg Jeans,154.9 TND,pants
SALSA JEANS – Jeans Mystery Push Up capri avec cristaux Swarovski,75.9 TND,pants
NEWLOOK – Khaki Denim High Waist Super Skinny Cargo Trousers,359.0 TND,pants
SALSA JEANS – SLIM FIT PUSH IN SECRET JEANS,179.5 TND,pants
SALSA JEANS – SECRET PUSH IN SLIM JEANS WITH RINSED EFFECT,99.0 TND,pants
SALSA JEANS – SECRET PUSH IN SKINNY JEANS,309.9 TND,pants
SALSA JEANS – SLOUCHY CAPRI TROUSERS WITH DETAIL,93.0 TND,pants
RIVER ISLAND -Pink Cargo Trousers,129.9 TND,pants
RIVER ISLAND -PINK ZACH WIDE LEG TROUSER,169.9 TND,pants
RIVER ISLAND -Brown spot cropped blazer,3 TND,blazers
RIVER ISLAND -BLACK SL GATSBY VEST,1144.9 TND,blazers
NafNaf – AMERICANA PENW 21,284.9 TND,blazers
NafNaf – Women’s jacket with stripes,154.9 TND,blazers
NafNaf – Women’s yellow jacket with a pattern,289.9 TND,blazers
SALSA JEANS – Veste cropped oversize en jean,319.0 TND,blazers
SALSA JEANS – Veste en jean Premium Blue avec graphique,159.5 TND,blazers
NafNaf – Veste ecru fluide manches froissées,299.0 TND,blazers
SALSA JEANS – SLIM FIT DENIM GREEN  JACKET,149.5 TND,blazers
Maison 1 2 3 – Veste geranuim avec un col tailleur et de longues manches,309.9 TND,blazers
SALSA JEANS – Cardigan Travel Denim2Go,93.0 TND,blazers
SALSA JEANS – Blouson oversize en jean avec col en fourrure synthétique,494.9 TND,blazers
SALSA JEANS – KNITTED JACKET WITH PLAIT DETAIL,148.5 TND,blazers
Maison 123 – Black Mid-length jacket with tailored collar,289.9 TND,blazers
RIVER ISLAND -BLACK FAUX FUR EMBELLISHED JACKET,309.9 TND,blazers
RIVER ISLAND -BLACK TWILL DB BLAZER,519.0 TND,blazers
Maison 1 2 3 – Veste classy rayée en noir et blanc,259.5 TND,blazers
Maison 1 2 3 – Veste camel casual 100% en lin avec poches boutonnées,309.9 TND,blazers
Maison 1 2 3 – VESTE GRISE À CHEVRONS TILLEUL,93.0 TND,blazers
Maison 1 2 3 – VESTE OFFICIER MARINE EN VELOURS TANG,459.9 TND,blazers
Maison 1 2 3 – Veste col tailleur cintrée à micro-motifs Rose,138.0 TND,blazers
Maison 1 2 3 – Saharienne col classique zippée Kaki,229.9 TND,blazers
Newlook – Blue Cropped Denim Jacket,819.0 TND,blazers
NewLook – Dark Brown Faux Fur Lined Leather-Look Aviator Jacket,319.9 TND,blazers
Newlook – Veste biker en similicuir camel enduit,249.9 TND,blazers
Newlook – Grey Oversized Blazer,519.0 TND,blazers
NewLook – Curves Black Leather-Look Quilted Biker Jacket,259.5 TND,blazers
NewLook – Blouson motard noir en suédine,559.0 TND,blazers
"SALSA JEANS – Blouson biker en cuir, Beige",279.5 TND,blazers
Maison 1 2 3 – Blue Mid-length jacket with tailored collar,759.0 TND,blazers
NafNaf – Veste col tailleur cintrée Noir,379.5 TND,blazers
NafNaf – Veste à double boutonnage femme,719.0 TND,blazers
NAfNaf – Veste femme avec ceinture,359.5 TND,blazers
Veste courte en jean bleu pâle,679.0 TND,blazers
NafNaf – Veste en coton classique pour femme,339.5 TND,blazers
Gilet de costume blanc boutonné à coupe droite,679.0 TND,blazers
Blazer beige à manches longues boutonné,339.5 TND,blazers
Veste courte en jean noir,134.9 TND,blazers
Blazer noir léger,107.9 TND,blazers
Imperméable gris en similicuir enduit,265.9 TND,blazers
Bomber noir en jean à col effet peluche,159.5 TND,blazers
Blazer militaire noir en similicuir,174.9 TND,blazers
NAFNAF – T-SHIRT FLUIDE AVEC BORDURE EN DENTELLE,3 TND,t-shirts
"ETAM -KARMA Débardeur bas dentelle, Ecru",1144.9 TND,t-shirts
NAFNAF – T-SHIRT DENTELLE ET CROCHET,89.9 TND,t-shirts
T-shirt rouge à imprimé lèvres croquis,119.0 TND,t-shirts
NAFNAF – T-shirt femme à manches courtes avec volants et col V,99.9 TND,t-shirts
White Broderie Frill Puff Sleeve Top,44.9 TND,t-shirts
NAFNAF – T-SHIRT BI-MATIÈRE,89.9 TND,t-shirts
Black Shirred Puff Sleeve Top,59.9 TND,t-shirts
NAFNAF – T-shirt femme sans manches et col v,89.9 TND,t-shirts
NAFNAF – Débardeur BLEACH AU CROCHET,89.9 TND,t-shirts
T-shirt blanc à slogan lèvres motif léopard,79.9 TND,t-shirts
NAFNAF – TEE SHIRT BONHEUR EN BLANC,89.9 TND,t-shirts
Petite – Top noir à manches courtes à volants,44.9 TND,t-shirts
Body style bustier rouge à dentelle fleurie,79.9 TND,t-shirts
NAFNAF – Débardeur à bretelles réglables pour femme,34.9 TND,t-shirts
NAFNAF – T-SHIRT ECRU LE CAFÉ,89.9 TND,t-shirts
NAFNAF – T-shirt blanc en dentelle,89.9 TND,t-shirts
NAFNAF – T-SHIRT LACÉ AU DOS,79.9 TND,t-shirts
NAFNAF – Top col claudine en dentelle Blanc,139.9 TND,t-shirts
NAFNAF – Haut noir femme,99.9 TND,t-shirts
NAFNAF – Blue Fine-knit square-neck sweater,99.9 TND,t-shirts
"NAFNAF – Débardeur femme, sans manches et col rond",159.9 TND,t-shirts
T-shirt gris foncé à slogan No Love Lost,159.9 TND,t-shirts
White Poplin Broderie Trim Bardot Top,95.0 TND,t-shirts
NAFNAF – TOP À BRETELLES AVEC BORDURE EN DENTELLE,59.9 TND,t-shirts
Black Floral Shirred Puff Sleeve Top,29.9 TND,t-shirts
Petite Black Spot Puff Sleeve Peplum Blouse,94.9 TND,t-shirts
Débardeur blanc côtelé à volants et col en U,56.9 TND,t-shirts
White Spot Mesh Puff Sleeve Crop Top,79.9 TND,t-shirts
T-shirt blanc à manches courtes et à volants,94.9 TND,t-shirts
Soyez aimable avec ce t-shirt moutarde à slogan Bee Kind.,89.9 TND,t-shirts
Newlook – Rainbow Stripe Twist Tie Front Cami,26.9 TND,t-shirts
Top noir froissé à col V et manches chauve-souris,18.8 TND,t-shirts
T-shirt rose à manches à volants en tulle,94.9 TND,t-shirts
Red Shirred Puff Sleeve Top,34.9 TND,t-shirts
Newlook – Pink Frill Trim Milkmaid Bodysuit,44.9 TND,t-shirts
Black Puff Sleeve Square Neck Top,67.9 TND,t-shirts
Top noir en organza à motif roses et manches bouffantes,20.2 TND,t-shirts
Newlook – Black Crochet Cami,94.9 TND,t-shirts
White Bee Kind Slogan T-Shirt,79.9 TND,t-shirts
T-shirt noir à imprimé fleurs sauvages,89.9 TND,t-shirts
T-shirt rose à bas à fleurs en crochet,79.9 TND,t-shirts
Débardeur blanc à imprimé mystique,47.9 TND,t-shirts
Body noir à manches bouffantes,79.9 TND,t-shirts
T-shirt blanc avec ourlet en crochet en forme de fleurs,79.9 TND,t-shirts
Black Organza Puff Sleeve Manhattan Slogan T-Shirt,89.9 TND,t-shirts
Pale Blue Contrast Lace Plunge Bodysuit,62.9 TND,t-shirts
Brown Leopard Print Puff Sleeve Top,44.9 TND,t-shirts
NafNaf – Women’s long-sleeved sweater with lace and round neck,44.9 TND,t-shirts
"ETAM -BARBARA Top manches courtes imprimé bandana, Ecru",49.9 TND,t-shirts
"ETAM -ALENA Top manches courtes tie and dye, Bleu",39.9 TND,t-shirts
"ETAM -ALIA Top manches courtes texturé, Ecru",79.9 TND,t-shirts
"ETAM -ALLAN Top manches courtes uni, Rose Poudre",49.9 TND,t-shirts
"ETAM -AMY Débardeur de pyjama 100% lin, ANTHRACITE",79.9 TND,t-shirts
"ETAM -BAO Débardeur “Sunshine”, Blanc",89.9 TND,t-shirts
"ETAM -IZZY T-shirt “GOOD”, Ecru",59.9 TND,t-shirts
"ETAM -INAE T-shirt “Focus on the good”, Ecru",165.0 TND,t-shirts
"ETAM -INAE Top manches courtes, Kaki",85.0 TND,t-shirts
"ETAM -IRMA Top manches courtes imprimé, Anis",99.0 TND,t-shirts
"ETAM -MYANA Tee-shirt manches courtes “Friday”, Ecru",125.0 TND,t-shirts
"ETAM -MADDOX Top manches courtes bords dentelle, Gris",75.0 TND,t-shirts
"ETAM -MACY T-shirt “Be différent”, LILAS",85.0 TND,t-shirts
"ETAM -UPSIDE Body décolleté plongeant en dentelle, Noir",75.0 TND,t-shirts
"ETAM -EDRIK Caraco décolleté dentelle, Bronze",85.0 TND,t-shirts
"DREST COLLECTION – Sandale à talon carré a trois bondes en daim, Noir",3 TND,shoes
DREST COLLECTION – Sandale a talon pailleté en noir,1144.9 TND,shoes
Pale Pink Leather-Look Espadrille Wedges,114.9 TND,shoes
DREST COLLECTION – Mules à talon mi-haut en noir,103.4 TND,shoes
Silver Glitter 2 Part Cork Espadrille Wedges,99.9 TND,shoes
"DREST COLLECTION – Sandale à mi-talon a deux bondes, beige",89.9 TND,shoes
DREST COLLECTION – Mulle a mi-talon en blanc a semelle carré,124.9 TND,shoes
DREST COLLECTION – Mules à talon mi-haut en beige,112.4 TND,shoes
DREST COLLECTION – Flipflop en jaune poucin a semelle caoutchou,104.9 TND,shoes
DREST COLLECTION – Claquette plate noire en simili cuir,94.4 TND,shoes
DREST COLLECTION – claquette noire a bonde rombouré,114.9 TND,shoes
DREST COLLECTION – Mules style mocassin en Camel,103.4 TND,shoes
DREST COLLECTION – Sandale a talon multicouleur a semelle platforme en blanc,104.9 TND,shoes
DREST COLLECTION – Sandale noir a semelle compensé en rafia,94.4 TND,shoes
"DREST COLLECTION – Sandale à talon carré a trois bondes en daim, Nude",104.9 TND,shoes
DREST COLLECTION – Claquette Noire avec perlles a semelle plate,94.4 TND,shoes
Havaianas – You St Tropez Mesh jaunes  imprimes,104.9 TND,shoes
Havaianas – You St Tropez Mesh rose imprimes,94.4 TND,shoes
DREST COLLECTION – Tongs simples en beige,59.9 TND,shoes
Wide Fit – Espadrilles blanches métallisées à semelles compensées en liège,53.9 TND,shoes
DREST COLLECTION – Sandale noir a talon carré a deux bondes froissé,59.9 TND,shoes
"ETAM -BLUEDAY Chaussons tongs, Rose",53.9 TND,shoes
"DREST COLLECTION – Claquette a 4 bondes en simili cuir avec chaines doré, Beige",59.9 TND,shoes
NEWLOOK -White Canvas Chunky Lace Up Trainers,53.9 TND,shoes
NEWLOOK -Silver Glitter Keyhole Pointed Pumps,94.9 TND,shoes
DREST COLLECTION – Sandale Camel a semelle compensé en rafia,85.4 TND,shoes
NEWLOOK – Black Faux Croc Twist Strap Sliders,94.9 TND,shoes
DREST COLLECTION – Tongs rouge a deux bandes croisé,85.4 TND,shoes
DREST COLLECTION – Sandale à talon noir verni a bonde transparent avec neud pailleté,124.9 TND,shoes
DREST COLLECTION – Mules style mocassin en Blanc,112.4 TND,shoes
Wide Fit – Sandales or rose à brides tressées en cuir,114.9 TND,shoes
"DREST COLLECTION – Claquette a 4 bondes en simili cuir avec chaines doré, Blanc",103.4 TND,shoes
DREST COLLECTION – Tongs en bleu claire a semelle platform noire,65.9 TND,shoes
DREST COLLECTION – Claquette en camel avec perlles a semelle plate,59.3 TND,shoes
"DREST COLLECTION – Sandale à mi-talon a bondes Transparents, orange",116.0 TND,shoes
DREST COLLECTION – Tongs en nude a semelle platform noire,116.0 TND,shoes
DREST COLLECTION – Tongs simples en orange,62.9 TND,shoes
"DREST COLLECTION – Sandale à mi-talon a bondes Transparents, nude",56.6 TND,shoes
DREST COLLECTION – Mules à talon mi-haut en blanc,124.9 TND,shoes
DREST COLLECTION – Mulle a mi-talon en kaki a semelle carré,112.4 TND,shoes
DREST COLLECTION – Sandale violet a talon,104.9 TND,shoes
DREST COLLECTION – Sandale noir a talon,94.4 TND,shoes
DREST COLLECTION – Tongs en blanc a deux bandes croisé,49.0 TND,shoes
"DREST COLLECTION – Sandale à mi-talon a bondes Transparents, blanc",69.9 TND,shoes
"DREST COLLECTION – Sandale à talon carré a deux bondes froissés, beige",62.9 TND,shoes
Havaianas – Slim Glitter Rosés,94.9 TND,shoes
Havaianas – You Trancoso Premium Dorés,85.4 TND,shoes
Havaianas – You Metallic,89.9 TND,shoes
Wide Fit Black Leather-Look Cork Wedges,80.9 TND,shoes
KELARA – MULES PLATEFORME EN  BEIGES,124.9 TND,shoes
KELARA – SANDALES COMPENSES CROISES MARRONS,112.4 TND,shoes
Havaianas – Slim Palette Glow rosés,54.9 TND,shoes
Havaianas – Slim Glitter Noires,49.4 TND,shoes
Havaianas – Slim Flatform Glitter Argentés,89.9 TND,shoes
Havaianas – You Shine Dores,80.9 TND,shoes
Havaianas – Slim Logo Metallic – noires,139.9 TND,shoes
DREST COLLECTION – Tongs en vert a semelle platform noire,125.9 TND,shoes
DREST COLLECTION – Sandale a talon pailleté en doré,94.9 TND,shoes
Havaianas – Top Marvel,85.4 TND,shoes
DREST COLLECTION – Sandale a talon avec semelle platforme en noir,79.9 TND,shoes
Havaianas – Slim Flatform Glitter Rosés,71.9 TND,shoes
DREST COLLECTION – Sandales à talon haut avec strass en gold,69.9 TND,shoes
Havaianas – You St Tropez roses,62.9 TND,shoes
DREST COLLECTION – Claquette Blanche avec perlles a semelle plate,89.9 TND,shoes
NAFNAF – Sac à main – mauve,3 TND,accessories
NAFNAF – Skimono Ceinture Femme,1144.9 TND,accessories
NAFNAF – Sac pochette – blanc,119.9 TND,accessories
Sac seau noir effet croco à cordon de serrage,75.9 TND,accessories
NAFNAF – Foulard rectangulaire avec des motifs de fleurs en deux couleurs PENXF11A,119.9 TND,accessories
NAFNAF – CEINTURE TRESSÉE,79.9 TND,accessories
NAFNAF – Sac bandoulière métallisé Doré,79.9 TND,accessories
NAFNAF – Pochette perle multicolore,99.9 TND,accessories
MY OYA – Cutie Little Bag bleu pastel,119.9 TND,accessories
NAFNAF – Sac bandoulière à paillettes Rose,119.9 TND,accessories
NAFNAF – Sac à bandoulière – ecru,85.0 TND,accessories
NewLook – Pochette écrue vernie à ornement en métal,119.9 TND,accessories
MY OYA – Sac de plage Happy Colors,119.9 TND,accessories
Grande trousse de maquillage rose à paillettes,69.9 TND,accessories
Cream Leather-Look Diamanté Circle Buckle Belt,119.0 TND,accessories
NewLook – Mink Leather-Look Stud Tote Bag,107.1 TND,accessories
NewLook – Black Eylure Texture No. 117 False Lashes,39.9 TND,accessories
Lunettes de soleil oversize effet écaille de tortue marron,49.9 TND,accessories
NewLook – Camel Leather-Look Knot Headband,114.9 TND,accessories
NewLook – Silver Slatted Bamboo Round Shoulder Bag,80.4 TND,accessories
NewLook – Bloom & Luna Rose Gold Blush and Powder Brush,32.9 TND,accessories
NewLook – Black Gingham Face Covering and Scrunchie,72.9 TND,accessories
NewLook – 2 Pack Multicoloured Tie Dye Plissé Knot Headbands,29.0 TND,accessories
ETAM -MICKY Trousse rayée “Positive Mind”,154.9 TND,accessories
"ETAM -RELAX Trousse nid d’abeille, Blanc",77.4 TND,accessories
"ETAM -ATIKA Chouchous imprimés, MULTICOLORE",32.9 TND,accessories
"ETAM -ADELA Trousse imprimé tropical, Rose",43.9 TND,accessories
"ETAM -INVISIBLE FASHION Lot de 2 paires de socquettes, Gris",54.9 TND,accessories
"ETAM -INVISIBLE FASHION Lot de 2 paires de socquettes, Noir",75.0 TND,accessories
"ETAM -COTON BIO MIDI 2 paires de chaussettes en coton bio, Ecru",85.0 TND,accessories
"ETAM -TROMPE L’ŒIL Collant trompe œil effet bas, Noir",39.0 TND,accessories
"ETAM -ILLUSION Collant effet porte-jarretelle, Noir",85.0 TND,accessories
"ETAM -COTON BIO Collant en coton bio – 30D, Noir",45.0 TND,accessories
"ETAM -SANS COUTURE Bas seamless sans couture – 30D, Noir",45.0 TND,accessories
"ETAM -LOZANGE Collant motifs lozanges, Noir",39.0 TND,accessories
"ETAM -DOUBLE ACTION Collant sculptant double action – 30D, Noir",55.0 TND,accessories
"ETAM -PLUMETIS Collant plumetis, Noir",69.0 TND,accessories
NewLook – Pochette blanche en satin de mariage à anneau en strass,55.0 TND,accessories
NewLook – Eylure Black Daytime Darling False Lashes,69.0 TND,accessories
Black Faux Croc Stud Bum Bag,55.0 TND,accessories
NewLook – Black Tab Front Backpack,69.0 TND,accessories
NewLook – 2 Pack Black Satin Bow Headband and Scrunchie,55.0 TND,accessories
NewLook – 3 Pack Black Sports Grip Invisible Socks,79.9 TND,accessories
NewLook – Black Floral Ruched Reusable Face Covering,32.9 TND,accessories
NewLook – 2 Pack Pink Ribbed Headband and Scrunchie,69.9 TND,accessories
NewLook – Burgundy Suedette Quilted Laptop Backpack,119.9 TND,accessories
NewLook – Burgundy Leather-Look Zip Front Tote Bag,29.0 TND,accessories
NewLook – Sac fourre-tout noir de sport,20.9 TND,accessories
NewLook – Pale Pink Beauty Sponge,29.0 TND,accessories
Lunettes de soleil marron foncé à détail en métal,32.9 TND,accessories
NEWLOOK – Grey Quilted Panel Chain Shoulder Bag,94.9 TND,accessories
NewLook – Cream Pocket Front Sports Shopper Bag,94.9 TND,accessories
NEWLOOK – Black Tab Front Shoulder Bag,94.9 TND,accessories
NewLook – Black Faux Croc Mini Shoulder Bag,13.9 TND,accessories
NewLook – 3 Pack Multicoloured Tie Dye Reusable Face Coverings,72.9 TND,accessories
NewLook – Brown Velvet Leopard Knot Headband,85.9 TND,accessories
MIGATO-Sac porté épaule texturé lézard MARON,104.0 TND,accessories
MOA – COLLIER O/CRISTA,85.9 TND,accessories
Girls Lunette de soleil noires oversize design color block,85.9 TND,accessories
GUILD – Doctor’s Bag White,32.9 TND,accessories
MOA – BOUCLE OREILLE COULEUR NOIR/MARRON,29.0 TND,accessories
MOA – BOUCLE OREILLE COULEUR OR/MARRON,119.9 TND,accessories
MOA – BOUCLE OREILLE COULEUR MARRON/OR,44.5 TND,accessories
MIGATO-Sac à main verni beige à rabat,31.2 TND,accessories
